repository,num_code_files,total_lines_of_code,num_modules,pretrained_models,shell_scripts,lists_in_readme,code_blocks_in_readme,inline_code_in_readme,images_in_readme,github_links_in_readme,has_license,diversity,total_contributors,Num_Star,Num_Fork,Num_Watcher,Date_Created,Date_Last_Mod,Num_Issue,Num_Issue_Type,Num_Issue_Open,Num_Issue_Closed,Num_PR_Open,Num_PR_Closed,language
LPMP/LPMP,356,35166,9,0,0,22,2,22,1,7,No,diverse,6,64.0,22.0,7.0,2018-08-17 07:03:15+00:00,2024-12-25 12:31:01+00:00,16.0,8.0,8.0,8.0,1.0,22.0,C++
cihangxie/DI-2-FGSM,1,192,0,0,0,4,0,0,1,3,Yes,not-diverse,2,163.0,38.0,8.0,2018-03-19 01:02:32+00:00,2024-12-08 14:56:12+00:00,9.0,8.0,1.0,8.0,0.0,0.0,Python
coolsunxu/sophie,6,769,2,0,0,4,1,7,0,0,No,not-diverse,3,56.0,25.0,2.0,2020-06-10 23:26:11+00:00,2025-01-07 06:31:39+00:00,0.0,9.0,0.0,0.0,0.0,1.0,Python
xingyul/flownet3d,21,3344,4,0,3,4,5,23,0,5,Yes,diverse,3,366.0,83.0,13.0,2019-04-15 21:06:26+00:00,2025-01-01 08:14:44+00:00,54.0,8.0,18.0,36.0,0.0,2.0,Python
twke18/Adversarial_Structure_Matching,21,4031,7,0,0,11,10,0,0,0,Yes,not-diverse,2,11.0,2.0,6.0,2019-10-21 16:20:01+00:00,2024-06-04 19:44:17+00:00,0.0,9.0,0.0,0.0,0.0,0.0,Python
cocodataset/panopticapi,13,1492,5,0,0,0,1,3,0,2,No,not-diverse,3,427.0,185.0,10.0,2018-06-27 13:00:46+00:00,2024-12-29 03:34:19+00:00,49.0,8.0,34.0,15.0,10.0,4.0,Python
anshulbshah/Blurred-Image-to-Video,0,0,0,0,0,1,1,0,3,2,No,not-diverse,2,15.0,3.0,6.0,2017-12-11 08:04:34+00:00,2022-12-27 02:13:41+00:00,2.0,8.0,2.0,0.0,0.0,0.0,
danini/magsac,14,5196,8,0,0,5,5,5,3,2,Yes,diverse,3,438.0,65.0,19.0,2019-04-01 14:40:23+00:00,2024-12-31 08:21:42+00:00,30.0,8.0,7.0,23.0,1.0,6.0,C++
deepinsight/insightface,1032,215184,15,0,0,33,1,23,0,21,No,diverse,56,24001.0,5476.0,515.0,2017-09-01 00:36:51+00:00,2025-01-14 02:13:47+00:00,2524.0,12.0,1138.0,1386.0,32.0,152.0,Python
javiribera/locating-objects-without-bboxes,25,5385,2,0,0,3,2,9,0,0,No,diverse,3,251.0,51.0,12.0,2019-04-04 05:05:54+00:00,2024-10-25 18:33:35+00:00,50.0,8.0,23.0,27.0,0.0,0.0,Python
aimagelab/novelty-detection,31,3461,6,0,0,4,7,9,1,1,Yes,diverse,3,196.0,60.0,12.0,2018-11-15 19:28:38+00:00,2024-08-12 19:43:21+00:00,16.0,9.0,9.0,7.0,1.0,0.0,Python
verlab/SemanticFastForward_CVPR_2018,69,13553,8,0,0,11,6,54,5,2,Yes,not-diverse,3,8.0,7.0,9.0,2018-04-23 16:54:42+00:00,2022-05-12 03:54:36+00:00,2.0,8.0,2.0,0.0,0.0,0.0,C++
rookiepig/CrossScaleStereo,64,8823,1,0,0,19,1,26,0,0,Yes,not-diverse,2,214.0,93.0,25.0,2014-03-03 02:28:22+00:00,2024-11-02 10:08:48+00:00,13.0,6.0,5.0,8.0,0.0,1.0,C++
feichtenhofer/twostreamfusion,33,4438,4,0,0,13,2,5,0,2,Yes,not-diverse,1,717.0,188.0,24.0,2016-04-22 08:47:54+00:00,2025-01-07 11:47:09+00:00,59.0,7.0,38.0,21.0,0.0,4.0,Cuda
feichtenhofer/twostreamfusion,33,4438,4,0,0,13,2,5,0,2,Yes,not-diverse,1,717.0,188.0,24.0,2016-04-22 08:47:54+00:00,2025-01-07 11:47:09+00:00,59.0,7.0,38.0,21.0,0.0,4.0,Cuda
cvlab-dresden/DSAC,26,7964,1,1,1,0,0,0,0,1,No,diverse,4,343.0,87.0,21.0,2017-04-24 13:12:43+00:00,2024-11-28 07:43:36+00:00,16.0,7.0,0.0,16.0,0.0,3.0,C++
wy1iu/sphereface,232,81739,4,3,0,52,9,31,7,39,Yes,diverse,2,1591.0,538.0,104.0,2017-07-19 16:46:26+00:00,2024-12-20 16:39:29+00:00,138.0,7.0,82.0,56.0,2.0,0.0,Jupyter Notebook
DmitryUlyanov/texture_nets,0,0,4,0,0,7,12,32,12,4,Yes,diverse,6,1227.0,216.0,58.0,2016-03-07 11:53:05+00:00,2024-12-19 14:37:39+00:00,91.0,7.0,42.0,49.0,0.0,7.0,Lua
StanfordVL/feedback-networks,0,0,4,0,1,4,6,4,0,3,Yes,diverse,2,88.0,20.0,7.0,2017-02-05 07:45:50+00:00,2024-11-08 22:10:48+00:00,5.0,7.0,3.0,2.0,0.0,0.0,Lua
linjieyangsc/densecap,317,93135,14,3,0,0,5,10,0,2,Yes,diverse,192,53.0,24.0,3.0,2017-07-14 21:40:45+00:00,2023-09-19 02:39:33+00:00,10.0,7.0,4.0,6.0,0.0,0.0,C++
google/tf_mesh_renderer,9,9458,2,0,1,0,1,3,0,0,Yes,not-diverse,5,495.0,112.0,32.0,2018-01-04 21:48:05+00:00,2024-11-15 02:41:45+00:00,0.0,8.0,0.0,0.0,0.0,3.0,Python
msracver/Relation-Networks-for-Object-Detection,76,21177,3,0,1,3,15,15,0,11,Yes,not-diverse,2,1099.0,189.0,34.0,2018-06-14 05:59:13+00:00,2024-12-30 13:50:49+00:00,46.0,8.0,17.0,29.0,0.0,3.0,Python
xthan/VITON,7,2772,5,0,4,8,15,0,0,4,No,not-diverse,2,534.0,143.0,22.0,2017-12-12 00:01:05+00:00,2025-01-11 00:21:29+00:00,55.0,8.0,21.0,34.0,0.0,1.0,Python
ruotianluo/DiscCaptioning,26,4973,4,0,4,0,5,11,0,3,No,diverse,4,110.0,21.0,6.0,2018-06-07 15:42:12+00:00,2024-01-04 16:23:42+00:00,21.0,8.0,7.0,14.0,0.0,1.0,Python
ShichenLiu/CondenseNet,9,1438,1,0,1,3,7,5,0,0,Yes,diverse,4,694.0,130.0,24.0,2017-09-26 01:03:24+00:00,2024-08-08 11:22:22+00:00,39.0,8.0,11.0,28.0,0.0,2.0,Python
uber/sbnet,26,4799,1,0,0,0,14,28,0,2,No,diverse,3,435.0,91.0,21.0,2017-12-19 16:37:57+00:00,2024-12-22 01:42:39+00:00,25.0,8.0,3.0,22.0,1.0,2.0,Python
JingchunCheng/FAVOS,19,3135,8,0,2,6,4,2,1,2,No,diverse,3,182.0,28.0,13.0,2018-03-16 02:11:39+00:00,2024-01-04 16:21:29+00:00,6.0,8.0,2.0,4.0,0.0,0.0,Python
fab-jul/imgcomp-cvpr,28,5257,2,0,0,23,5,63,1,4,Yes,not-diverse,2,181.0,53.0,12.0,2018-03-28 08:34:42+00:00,2024-12-01 09:47:48+00:00,33.0,8.0,3.0,30.0,0.0,1.0,Python
rlit/LatentRANSAC,282,86329,7,0,0,4,0,0,0,1,No,diverse,2,25.0,9.0,7.0,2018-03-12 09:45:31+00:00,2024-01-10 02:59:02+00:00,0.0,8.0,0.0,0.0,0.0,0.0,C++
SysCV/bdd100k-models,400,12962,11,0,1,13,1,0,2,2,Yes,not-diverse,2,299.0,40.0,10.0,2021-10-10 17:56:42+00:00,2025-01-09 23:21:21+00:00,23.0,9.0,5.0,18.0,0.0,3.0,Python
msraig/pfcnn,339,265938,2,0,0,11,0,0,0,1,Yes,diverse,2,19.0,6.0,4.0,2020-03-19 02:44:06+00:00,2023-11-06 03:19:42+00:00,6.0,9.0,5.0,1.0,0.0,0.0,C++
Sha-Lab/FEAT,31,3231,4,0,1,44,0,92,0,10,Yes,not-diverse,2,423.0,84.0,13.0,2018-12-10 06:48:32+00:00,2024-12-30 11:16:58+00:00,82.0,8.0,1.0,81.0,0.0,0.0,Python
princeton-computational-imaging/SeeingThroughFog,46,5086,3,0,1,10,12,0,0,1,Yes,not-diverse,4,314.0,61.0,12.0,2020-06-08 18:57:50+00:00,2025-01-08 12:33:08+00:00,75.0,9.0,27.0,48.0,1.0,7.0,Python
prasunroy/stefann,6,2225,2,0,0,3,8,21,0,6,Yes,not-diverse,2,262.0,41.0,11.0,2020-04-15 13:30:46+00:00,2024-10-30 07:42:57+00:00,19.0,9.0,7.0,12.0,0.0,2.0,Python
akanimax/msg-stylegan-tf,29,6742,4,0,0,4,0,21,0,15,No,not-diverse,3,264.0,57.0,13.0,2019-10-16 15:59:34+00:00,2025-01-13 09:55:55+00:00,13.0,9.0,3.0,10.0,0.0,0.0,Python
nutonomy/nuscenes-devkit,143,25461,3,0,0,87,7,20,2,17,No,diverse,35,2348.0,643.0,52.0,2018-09-06 19:04:28+00:00,2025-01-14 01:14:43+00:00,809.0,9.0,3.0,806.0,8.0,313.0,Python
microsoft/SGN,8,1646,3,0,0,6,4,0,1,3,Yes,not-diverse,4,191.0,55.0,10.0,2020-04-14 06:42:04+00:00,2025-01-08 05:56:48+00:00,29.0,9.0,25.0,4.0,0.0,0.0,Python
3DVisionISR/3DRegNet,14,4656,4,0,0,0,5,0,1,0,Yes,diverse,2,19.0,6.0,1.0,2020-03-05 11:20:37+00:00,2024-10-09 05:49:05+00:00,0.0,9.0,0.0,0.0,0.0,0.0,
microsoft/Relation-Aware-Global-Attention-Networks,26,2224,3,0,0,1,2,13,1,2,Yes,not-diverse,4,346.0,66.0,8.0,2019-07-04 01:30:44+00:00,2025-01-13 02:28:55+00:00,29.0,9.0,24.0,5.0,3.0,1.0,Python
open-mmlab/mmdetection,1959,235468,13,0,0,47,1,0,13,35,Yes,diverse,415,30038.0,9508.0,372.0,2018-08-22 07:06:06+00:00,2025-01-14 19:47:15+00:00,8413.0,49.0,1684.0,6729.0,180.0,2988.0,Python
tancik/StegaStamp,6,1282,2,0,0,6,9,7,1,3,Yes,not-diverse,2,709.0,197.0,17.0,2019-04-08 19:17:34+00:00,2025-01-10 15:12:48+00:00,66.0,8.0,31.0,35.0,0.0,0.0,Python
dmsm/DeepParametricShapes,19,1906,4,0,0,0,8,3,0,0,Yes,not-diverse,2,54.0,9.0,6.0,2019-09-18 19:59:15+00:00,2024-07-24 08:02:42+00:00,2.0,10.0,1.0,1.0,0.0,3.0,Python
TRI-ML/packnet-sfm,202,63246,6,0,0,2,20,12,0,4,No,not-diverse,6,1249.0,245.0,58.0,2019-12-06 01:08:19+00:00,2025-01-12 15:29:35+00:00,228.0,9.0,72.0,156.0,7.0,17.0,Python
lzqsd/InverseRenderingOfIndoorScene,26,7986,0,0,3,27,0,25,5,3,Yes,not-diverse,2,304.0,35.0,13.0,2020-06-16 17:06:33+00:00,2024-12-22 01:19:13+00:00,18.0,9.0,11.0,7.0,0.0,0.0,Python
SLDGroup/NN_Mass,12,2776,3,0,1,19,7,0,0,1,Yes,not-diverse,2,4.0,2.0,1.0,2021-03-27 23:08:05+00:00,2023-07-25 07:13:44+00:00,0.0,9.0,0.0,0.0,2.0,0.0,Python
XiaoxiaoGuo/fashion-iq,36,5759,4,0,0,2,1,0,0,1,No,diverse,3,149.0,40.0,3.0,2019-06-05 17:07:24+00:00,2024-12-23 15:18:25+00:00,17.0,9.0,11.0,6.0,1.0,3.0,Python
anonymous-p/Flickering_Adversarial_Video,122,25502,3,0,1,13,14,25,1,1,No,not-diverse,2,15.0,6.0,2.0,2020-02-06 23:52:53+00:00,2024-12-10 03:17:44+00:00,5.0,10.0,4.0,1.0,19.0,24.0,Python
Howal/Cross-iterationBatchNorm,192,19925,3,0,1,6,3,0,0,1,Yes,not-diverse,2,130.0,21.0,6.0,2020-02-13 09:02:22+00:00,2024-05-12 04:39:12+00:00,10.0,9.0,5.0,5.0,0.0,0.0,Python
Boyiliee/MoEx,8,3110,4,0,0,6,1,1,1,1,Yes,not-diverse,2,142.0,19.0,9.0,2020-02-08 00:42:42+00:00,2024-11-14 12:39:32+00:00,4.0,9.0,1.0,3.0,0.0,0.0,Python
alldbi/SuperMix,38,4865,7,0,0,29,9,56,1,4,No,not-diverse,4,92.0,21.0,6.0,2020-01-01 17:36:10+00:00,2024-12-16 12:57:18+00:00,7.0,9.0,1.0,6.0,0.0,1.0,Python
hasanirtiza/Pedestron,506,81373,9,0,0,25,14,0,2,10,Yes,diverse,46,693.0,157.0,19.0,2020-03-15 05:52:52+00:00,2025-01-05 03:27:38+00:00,165.0,9.0,0.0,165.0,0.0,9.0,Python
ShuhangGu/DASR,88,12847,1,0,0,11,8,34,0,3,No,not-diverse,2,237.0,21.0,9.0,2020-03-30 12:16:53+00:00,2025-01-07 11:59:42+00:00,22.0,9.0,20.0,2.0,0.0,0.0,Python
tobran/DF-GAN,15,2521,2,0,0,22,5,15,7,8,No,not-diverse,2,308.0,70.0,7.0,2020-08-14 02:53:40+00:00,2024-12-24 07:52:58+00:00,37.0,9.0,14.0,23.0,1.0,0.0,Python
chirag126/VOG,4,751,2,0,0,0,0,14,0,0,No,diverse,2,61.0,6.0,3.0,2020-08-28 19:01:31+00:00,2024-11-23 04:10:59+00:00,4.0,10.0,1.0,3.0,0.0,2.0,Python
wang-chen/lgl-action-recognition,14,743,2,0,1,0,0,0,0,1,Yes,not-diverse,2,10.0,0.0,2.0,2021-01-21 05:26:04+00:00,2024-09-17 15:26:24+00:00,0.0,9.0,0.0,0.0,0.0,0.0,Python
devnkong/FLAG,93,12543,2,0,0,7,1,0,0,2,Yes,not-diverse,2,141.0,18.0,3.0,2020-10-19 19:59:21+00:00,2024-11-06 09:55:02+00:00,11.0,9.0,6.0,5.0,0.0,1.0,Python
timmeinhardt/trackformer,56,10223,8,0,0,0,6,4,0,4,Yes,diverse,6,541.0,121.0,14.0,2021-02-11 12:03:03+00:00,2025-01-14 03:28:17+00:00,125.0,9.0,68.0,57.0,0.0,11.0,Python
HikariTJU/LD,815,88738,12,0,0,7,12,6,0,11,Yes,not-diverse,3,366.0,53.0,5.0,2021-01-20 08:19:27+00:00,2025-01-12 07:39:52+00:00,81.0,9.0,37.0,44.0,0.0,1.0,Python
xingyizhou/UniDet,44,7696,6,0,0,7,0,2,0,2,Yes,diverse,121,496.0,58.0,14.0,2021-02-25 18:11:13+00:00,2025-01-08 22:20:40+00:00,27.0,9.0,23.0,4.0,1.0,0.0,Python
google-research/google-research,8957,2202177,714,1,1,2,1,0,0,0,Yes,diverse,395,,,,,,,,,,,,Jupyter Notebook
kreshuklab/spoco,18,3904,2,0,0,25,13,33,1,1,No,diverse,2,32.0,7.0,7.0,2021-03-26 14:24:14+00:00,2024-04-08 06:52:58+00:00,8.0,9.0,1.0,7.0,1.0,10.0,Python
lmb-freiburg/understanding_flow_robustness,85,19975,7,0,0,4,28,9,0,10,Yes,diverse,2,9.0,3.0,5.0,2022-03-10 13:22:11+00:00,2023-10-18 07:01:09+00:00,1.0,9.0,0.0,1.0,0.0,0.0,Python
lyndonzheng/TFill,34,5249,9,0,0,14,22,1,8,5,Yes,diverse,3,162.0,15.0,12.0,2021-04-05 01:03:28+00:00,2024-11-17 12:42:39+00:00,29.0,9.0,18.0,11.0,0.0,1.0,Python
shengcailiao/QAConv,35,3242,4,0,0,12,1,2,4,3,Yes,not-diverse,1,206.0,31.0,5.0,2019-07-08 05:54:26+00:00,2024-12-11 02:17:36+00:00,27.0,9.0,0.0,27.0,0.0,3.0,Python
shengcailiao/QAConv,35,3242,4,0,0,12,1,2,4,3,Yes,not-diverse,1,206.0,31.0,5.0,2019-07-08 05:54:26+00:00,2024-12-11 02:17:36+00:00,27.0,9.0,0.0,27.0,0.0,3.0,Python
openai/random-network-distillation,17,3247,1,0,0,0,1,1,0,0,No,not-diverse,4,888.0,161.0,26.0,2018-10-16 20:28:02+00:00,2025-01-08 01:58:23+00:00,20.0,8.0,12.0,8.0,4.0,4.0,Python
benathi/fastswa-semi-sup,30,2954,4,0,1,0,8,0,0,1,No,not-diverse,2,185.0,31.0,11.0,2018-05-20 00:19:15+00:00,2024-04-10 07:22:19+00:00,8.0,8.0,5.0,3.0,0.0,0.0,Shell
csinva/hierarchical-dnn-interpretations,37,9859,6,0,0,14,1,6,4,4,Yes,not-diverse,2,128.0,22.0,9.0,2018-05-18 12:54:43+00:00,2024-12-25 09:35:49+00:00,9.0,8.0,2.0,7.0,0.0,0.0,Jupyter Notebook
vikasverma1077/manifold_mixup,52,8783,3,0,0,0,1,0,0,1,No,not-diverse,3,486.0,63.0,11.0,2018-06-12 13:26:05+00:00,2024-11-26 08:15:04+00:00,16.0,8.0,8.0,8.0,1.0,0.0,Python
WenboGong/MetaSGMCMC,42,8054,4,0,0,0,1,0,0,0,No,not-diverse,2,24.0,4.0,6.0,2018-06-08 09:07:40+00:00,2024-02-23 06:20:33+00:00,0.0,8.0,0.0,0.0,0.0,1.0,Roff
vtjeng/MIPVerify.jl,0,0,6,0,0,12,1,6,4,4,No,not-diverse,6,114.0,32.0,4.0,2017-12-15 21:38:31+00:00,2025-01-03 04:49:53+00:00,30.0,10.0,3.0,27.0,0.0,135.0,Julia
ftramer/slalom,562,195452,6,0,1,0,6,8,0,1,Yes,not-diverse,3,162.0,41.0,9.0,2018-02-17 00:02:32+00:00,2024-12-05 03:47:21+00:00,36.0,9.0,2.0,34.0,5.0,23.0,C++
facebookresearch/spreadingvectors,15,2184,2,0,2,4,10,4,0,2,Yes,not-diverse,2,319.0,37.0,15.0,2019-01-28 12:57:41+00:00,2024-12-18 09:50:30+00:00,5.0,10.0,1.0,4.0,0.0,0.0,Python
ml4tp/gamepad,51,11842,4,0,7,0,16,13,0,0,Yes,not-diverse,3,72.0,15.0,9.0,2018-05-31 07:01:00+00:00,2024-11-07 14:15:17+00:00,13.0,9.0,10.0,3.0,2.0,0.0,Coq
Gordonjo/versa,13,1919,2,0,0,12,0,3,0,0,Yes,not-diverse,2,69.0,13.0,7.0,2018-06-14 12:00:34+00:00,2024-11-17 22:16:49+00:00,3.0,8.0,0.0,3.0,0.0,0.0,Python
swing-research/deepmesh,16,2094,3,0,1,8,17,9,0,0,No,not-diverse,2,24.0,4.0,8.0,2018-05-24 19:43:47+00:00,2024-01-07 13:16:04+00:00,0.0,8.0,0.0,0.0,0.0,0.0,Python
emtiyaz/vmp-for-svae,23,4536,6,0,0,3,3,9,2,5,No,not-diverse,2,44.0,16.0,5.0,2018-02-21 14:45:54+00:00,2024-10-29 03:42:13+00:00,8.0,8.0,3.0,5.0,0.0,0.0,Python
YichenGong/Densely-Interactive-Inference-Network,23,5207,2,0,0,4,2,1,0,1,No,diverse,2,250.0,57.0,7.0,2017-10-10 18:35:03+00:00,2024-09-05 08:27:43+00:00,13.0,9.0,8.0,5.0,3.0,13.0,Python
alexnowakvila/DiCoNet,15,2956,2,0,0,4,6,0,4,0,Yes,not-diverse,2,11.0,8.0,3.0,2018-02-21 19:12:36+00:00,2023-05-19 03:00:57+00:00,1.0,8.0,1.0,0.0,0.0,0.0,Python
kabkabm/defensegan,38,5631,6,0,0,32,15,55,2,1,Yes,not-diverse,2,234.0,64.0,8.0,2018-04-27 23:55:06+00:00,2024-12-20 02:07:35+00:00,17.0,8.0,11.0,6.0,3.0,1.0,Python
Microsoft/graph-based-code-modelling,42,11919,2,0,0,27,9,53,0,0,Yes,diverse,6,170.0,38.0,13.0,2019-01-10 16:11:27+00:00,2024-10-04 00:48:46+00:00,7.0,10.0,1.0,6.0,3.0,6.0,C#
brendenpetersen/deep-symbolic-regression,66,13649,2,0,0,13,36,136,0,0,Yes,not-diverse,4,615.0,127.0,16.0,2020-02-19 19:47:51+00:00,2025-01-13 22:11:13+00:00,85.0,10.0,9.0,76.0,3.0,7.0,Python
dibyaghosh/gcsl,240,178976,6,0,0,11,4,0,0,0,No,not-diverse,2,76.0,9.0,7.0,2020-06-10 15:45:16+00:00,2024-09-01 08:28:00+00:00,8.0,9.0,7.0,1.0,1.0,1.0,Python
patrick-kidger/signatory,72,9705,6,0,0,0,0,12,0,3,Yes,diverse,3,265.0,35.0,12.0,2019-06-11 18:43:15+00:00,2025-01-03 15:28:09+00:00,32.0,8.0,17.0,15.0,3.0,32.0,C++
reactive-systems/deepltl,16,3134,2,0,0,6,8,3,0,1,Yes,diverse,3,31.0,4.0,8.0,2020-06-11 18:16:13+00:00,2024-10-04 09:09:40+00:00,3.0,9.0,1.0,2.0,0.0,0.0,Python
denisyarats/drq,6,981,2,0,0,0,10,3,2,4,Yes,not-diverse,3,412.0,53.0,13.0,2020-04-29 01:29:33+00:00,2025-01-13 17:48:36+00:00,26.0,9.0,2.0,24.0,1.0,1.0,Jupyter Notebook
salesforce/PCL,7,1872,2,0,0,5,0,0,0,1,Yes,not-diverse,2,576.0,84.0,17.0,2020-07-28 02:45:07+00:00,2024-12-31 01:12:15+00:00,25.0,9.0,8.0,17.0,0.0,0.0,Python
NVIDIA/flowtron,16,2973,3,0,0,1,0,16,1,8,Yes,diverse,5,897.0,176.0,29.0,2020-04-30 23:02:47+00:00,2025-01-10 10:52:53+00:00,142.0,10.0,65.0,77.0,11.0,6.0,Jupyter Notebook
PKU-AI-Edge/DGN,9,1895,3,0,0,3,1,0,0,1,No,not-diverse,2,342.0,88.0,9.0,2018-10-22 10:51:44+00:00,2025-01-11 00:09:03+00:00,27.0,9.0,19.0,8.0,2.0,9.0,Python
liuanji/WU-UCT,37,4789,13,1,0,21,6,0,0,8,Yes,diverse,2,114.0,24.0,4.0,2019-09-26 18:52:00+00:00,2024-12-05 16:56:27+00:00,8.0,9.0,3.0,5.0,0.0,0.0,Python
pclucas14/GansFallingShort,29,5394,5,0,0,8,0,4,0,4,No,diverse,3,58.0,11.0,6.0,2018-08-07 16:22:45+00:00,2024-07-10 07:36:59+00:00,8.0,8.0,0.0,8.0,0.0,2.0,Jupyter Notebook
authors-1901-10912/A-Meta-Transfer-Objective-For-Learning-To-Disentangle-Causal-Mechanisms,22,1590,3,0,0,0,2,3,0,0,No,diverse,2,125.0,22.0,2.0,2019-01-31 10:33:04+00:00,2024-10-31 03:05:11+00:00,1.0,8.0,1.0,0.0,0.0,0.0,Jupyter Notebook
ruqizhang/csgmcmc,21,2164,3,0,0,9,10,4,0,3,No,not-diverse,3,92.0,23.0,7.0,2019-02-02 20:07:45+00:00,2024-11-16 14:26:57+00:00,5.0,8.0,3.0,2.0,0.0,0.0,Jupyter Notebook
ParthaEth/Regularized_autoencoders-RAE-,72,5626,8,0,0,23,3,34,1,0,No,not-diverse,2,122.0,14.0,4.0,2020-02-14 19:48:13+00:00,2024-12-29 18:34:21+00:00,3.0,10.0,3.0,0.0,10.0,25.0,Python
dmzou/RSRAE,3,554,2,0,0,4,2,0,0,0,No,diverse,2,38.0,8.0,1.0,2019-12-21 05:21:51+00:00,2024-11-14 07:26:24+00:00,8.0,9.0,1.0,7.0,0.0,1.0,Python
automl/nasbench301,108,11018,1,0,0,0,5,6,0,2,Yes,diverse,6,76.0,22.0,11.0,2020-08-10 15:55:08+00:00,2024-12-09 02:58:27+00:00,17.0,9.0,3.0,14.0,0.0,5.0,Python
gifford-lab/optivax,11,6157,7,0,0,0,1,0,0,0,Yes,not-diverse,3,22.0,8.0,16.0,2020-05-12 14:39:45+00:00,2024-01-17 21:12:41+00:00,3.0,9.0,1.0,2.0,0.0,0.0,OpenEdge ABL
dwromero/ckconv,44,4659,11,23,0,8,3,25,2,1,Yes,not-diverse,2,119.0,15.0,4.0,2021-02-04 13:28:03+00:00,2024-12-20 22:30:49+00:00,10.0,9.0,0.0,10.0,1.0,1.0,Python
snap-stanford/orca,9,1108,2,0,0,4,4,0,0,0,No,diverse,2,95.0,12.0,5.0,2022-01-24 18:39:22+00:00,2025-01-07 12:41:04+00:00,18.0,9.0,10.0,8.0,0.0,0.0,Python
divelab/DIG,305,44785,8,1,0,12,7,34,5,30,Yes,diverse,27,1913.0,284.0,30.0,2020-10-30 03:51:15+00:00,2025-01-13 19:14:43+00:00,211.0,17.0,35.0,176.0,3.0,38.0,Python
nerdslab/bgrl,14,936,4,6,0,0,9,7,1,0,No,not-diverse,2,82.0,18.0,4.0,2021-10-28 17:54:10+00:00,2024-12-16 17:08:56+00:00,4.0,9.0,3.0,1.0,0.0,0.0,Python
borgwardtlab/togl,27,4337,5,4,0,0,7,22,0,0,No,diverse,4,119.0,22.0,10.0,2021-01-11 13:06:05+00:00,2024-12-18 22:27:46+00:00,18.0,9.0,1.0,17.0,0.0,0.0,Python
Arjung27/DeepThinking,19,2201,3,0,0,0,2,4,0,0,Yes,not-diverse,2,8.0,1.0,3.0,2021-02-17 08:49:10+00:00,2024-12-15 04:57:31+00:00,0.0,9.0,0.0,0.0,0.0,0.0,Python
xrenaa/DisCo,72,9060,6,0,0,8,7,40,23,4,No,not-diverse,2,133.0,10.0,11.0,2021-02-19 17:18:39+00:00,2025-01-10 00:01:35+00:00,7.0,9.0,3.0,4.0,0.0,0.0,Python
microsoft/molecule-generation,84,18320,2,0,0,17,16,58,5,5,Yes,not-diverse,5,282.0,42.0,12.0,2022-02-17 19:16:29+00:00,2025-01-06 14:20:51+00:00,40.0,9.0,9.0,31.0,0.0,37.0,Python
posenhuang/NPMT,4,401,5,0,0,11,9,14,2,5,Yes,diverse,9,178.0,29.0,21.0,2018-01-29 21:38:48+00:00,2024-04-03 11:02:56+00:00,0.0,8.0,0.0,0.0,0.0,4.0,Lua
hoonose/robust-filter,0,0,4,0,0,32,1,35,0,2,No,not-diverse,2,34.0,10.0,8.0,2018-03-13 03:42:33+00:00,2024-12-15 22:11:59+00:00,2.0,8.0,1.0,1.0,0.0,0.0,MATLAB
zi-w/Structural-Kernel-Learning-for-HDBBO,6,478,3,0,0,5,3,10,0,1,Yes,not-diverse,2,14.0,5.0,3.0,2017-06-11 15:00:05+00:00,2024-04-14 08:41:53+00:00,2.0,7.0,1.0,1.0,0.0,0.0,MATLAB
lucfra/RFHO,25,7724,2,0,1,19,2,34,1,7,Yes,not-diverse,3,51.0,12.0,5.0,2017-04-20 23:56:28+00:00,2024-10-05 20:13:13+00:00,2.0,7.0,1.0,1.0,0.0,0.0,Python
chhwang/cmcl,9,890,1,0,3,16,0,23,0,2,Yes,diverse,4,17.0,4.0,3.0,2017-05-23 04:34:17+00:00,2024-11-06 02:30:28+00:00,3.0,7.0,2.0,1.0,0.0,1.0,Python
IliasZadik/double_orthogonal_ml,5,609,0,0,2,5,1,8,0,0,No,diverse,2,10.0,2.0,3.0,2018-06-06 02:34:11+00:00,2024-08-30 14:33:23+00:00,0.0,8.0,0.0,0.0,0.0,0.0,Python
junhyukoh/self-imitation-learning,124,13889,2,0,0,0,3,2,0,1,Yes,diverse,37,275.0,41.0,16.0,2018-05-25 20:28:46+00:00,2024-12-22 01:40:00+00:00,7.0,8.0,4.0,3.0,0.0,1.0,Python
brain-research/mean-field-cnns,0,0,0,0,0,0,0,0,0,0,Yes,not-diverse,2,34.0,8.0,8.0,2018-07-08 20:41:54+00:00,2025-01-08 10:16:05+00:00,1.0,8.0,0.0,1.0,0.0,1.0,Jupyter Notebook
emtiyaz/vadam,69,11046,3,0,0,0,0,0,0,0,No,diverse,4,110.0,23.0,9.0,2018-06-07 06:49:14+00:00,2024-09-30 12:39:26+00:00,5.0,8.0,3.0,2.0,0.0,1.0,MATLAB
mlii/mfrl,88,10155,2,0,0,7,4,9,1,3,Yes,not-diverse,3,380.0,100.0,10.0,2018-06-07 07:35:55+00:00,2025-01-03 03:40:46+00:00,30.0,8.0,21.0,9.0,0.0,3.0,Python
huangwl18/modular-rl,50,4684,2,0,0,19,11,3,0,2,Yes,not-diverse,3,222.0,35.0,11.0,2020-07-09 18:16:48+00:00,2024-12-14 10:53:30+00:00,10.0,10.0,5.0,5.0,8.0,11.0,Jupyter Notebook
shentianxiao/text-autoencoders,8,693,1,0,1,5,6,8,1,0,Yes,diverse,3,206.0,43.0,9.0,2019-05-28 04:52:38+00:00,2025-01-12 04:20:55+00:00,6.0,8.0,4.0,2.0,1.0,7.0,Python
facebookresearch/EGG,135,16577,6,0,0,30,8,20,2,2,Yes,diverse,14,292.0,103.0,16.0,2019-02-27 20:26:36+00:00,2024-12-09 14:37:23+00:00,66.0,13.0,10.0,56.0,2.0,198.0,Jupyter Notebook
boseon-ai/Conditional-Temporal-Neural-Processes-with-Covariance-Loss,1,47,0,0,0,0,0,0,0,0,No,diverse,2,4.0,3.0,1.0,2021-10-25 04:41:13+00:00,2022-11-29 13:33:09+00:00,0.0,9.0,0.0,0.0,0.0,0.0,Python
andrewgordonwilson/bayesgan,12,3218,2,0,0,24,13,95,0,0,Yes,not-diverse,2,1014.0,175.0,54.0,2017-11-04 01:29:54+00:00,2025-01-02 15:32:31+00:00,17.0,8.0,7.0,10.0,0.0,1.0,Jupyter Notebook
seung-lab/znn-release,90,16631,11,4,0,8,0,0,1,1,Yes,diverse,7,94.0,33.0,33.0,2014-10-17 20:14:31+00:00,2023-01-28 15:52:58+00:00,55.0,8.0,13.0,42.0,3.0,43.0,C++
alan-turing-institute/bocpdms,29,18441,4,0,0,15,8,16,3,3,Yes,diverse,4,32.0,12.0,8.0,2018-07-16 08:38:58+00:00,2024-10-03 15:28:44+00:00,13.0,8.0,9.0,4.0,1.0,8.0,Python
yangyanli/PointCNN,62,7972,6,0,0,22,13,0,0,6,Yes,not-diverse,5,1387.0,366.0,56.0,2017-08-22 22:45:32+00:00,2025-01-03 21:46:24+00:00,225.0,8.0,59.0,166.0,0.0,28.0,Python
junyanz/VON,68,5498,7,0,2,20,14,4,0,5,Yes,diverse,2,531.0,90.0,31.0,2018-10-26 02:11:52+00:00,2024-12-14 17:33:37+00:00,34.0,9.0,12.0,22.0,0.0,0.0,Python
maciejzieba/binGAN,12,1556,0,0,0,2,0,15,0,0,No,not-diverse,2,37.0,10.0,6.0,2018-06-18 12:54:40+00:00,2024-05-06 16:44:03+00:00,0.0,8.0,0.0,0.0,0.0,0.0,Python
adler-j/bwgan,2,424,0,0,0,0,1,1,0,2,No,not-diverse,2,31.0,11.0,5.0,2018-05-23 14:36:48+00:00,2024-05-31 23:27:33+00:00,1.0,8.0,0.0,1.0,0.0,1.0,Python
MahyarNajibi/SNIPER,72,38832,6,0,0,0,57,0,0,6,Yes,not-diverse,6,2691.0,447.0,82.0,2018-01-13 14:45:42+00:00,2025-01-13 06:42:02+00:00,184.0,8.0,114.0,70.0,2.0,6.0,Python
google/svcca,5,794,2,0,0,0,0,0,0,4,Yes,diverse,2,628.0,140.0,25.0,2017-11-07 02:56:49+00:00,2025-01-09 08:14:58+00:00,0.0,8.0,0.0,0.0,7.0,3.0,Jupyter Notebook
uber-research/deep-neuroevolution,66,10323,7,1,0,0,14,4,0,3,Yes,diverse,9,1635.0,301.0,79.0,2018-01-04 01:12:25+00:00,2025-01-03 21:46:45+00:00,33.0,9.0,16.0,17.0,5.0,19.0,Python
kirthevasank/nasbot,78,13896,6,0,1,13,6,26,0,13,No,diverse,2,133.0,27.0,11.0,2018-06-09 15:14:57+00:00,2024-10-25 20:54:54+00:00,8.0,8.0,5.0,3.0,0.0,1.0,Python
Ding-Liu/NLRN,9,1161,3,0,0,0,6,6,0,5,Yes,diverse,2,169.0,39.0,14.0,2018-10-25 18:32:57+00:00,2024-09-20 09:12:02+00:00,0.0,8.0,0.0,0.0,0.0,1.0,Python
bowenliu16/rl_graph_generation,124,17010,2,0,0,9,7,7,0,0,No,not-diverse,2,348.0,109.0,19.0,2018-03-06 21:04:47+00:00,2024-12-13 23:11:15+00:00,12.0,8.0,8.0,4.0,2.0,1.0,Python
gpapamak/maf,24,5049,2,0,0,14,3,8,0,2,No,not-diverse,2,207.0,36.0,8.0,2017-05-19 13:46:53+00:00,2025-01-02 09:50:26+00:00,12.0,8.0,0.0,12.0,0.0,1.0,Python
junyanz/BicycleGAN,25,2933,8,0,0,31,19,18,0,12,Yes,not-diverse,5,1492.0,254.0,48.0,2017-11-14 04:12:01+00:00,2025-01-02 03:04:26+00:00,94.0,8.0,21.0,73.0,0.0,8.0,Python
CuriousAI/mean-teacher,52,4906,2,0,0,7,0,0,1,1,No,not-diverse,5,1594.0,337.0,57.0,2017-05-15 09:29:00+00:00,2025-01-13 06:04:26+00:00,59.0,7.0,39.0,20.0,0.0,4.0,Python
williamleif/GraphSAGE,16,2874,3,0,2,11,0,5,0,3,No,diverse,6,3457.0,846.0,78.0,2017-05-29 15:36:22+00:00,2025-01-12 04:41:49+00:00,166.0,8.0,107.0,59.0,13.0,22.0,Python
ermongroup/a-nice-mc,48,2021,4,0,0,12,6,39,5,1,Yes,not-diverse,3,126.0,28.0,15.0,2017-06-11 17:09:42+00:00,2024-06-26 14:37:11+00:00,4.0,7.0,1.0,3.0,0.0,4.0,Jupyter Notebook
c-hofer/persistent_homology_toolbox,12,1721,2,0,0,0,4,24,0,5,Yes,not-diverse,2,26.0,6.0,4.0,2017-06-06 08:14:55+00:00,2024-07-26 15:50:19+00:00,2.0,7.0,1.0,1.0,0.0,1.0,Jupyter Notebook
wujian16/Cornell-MOE,140,41855,5,0,0,4,22,0,0,5,Yes,diverse,13,266.0,64.0,20.0,2016-10-27 05:29:12+00:00,2025-01-02 03:21:33+00:00,43.0,7.0,25.0,18.0,1.0,50.0,C++
wujian16/Cornell-MOE,140,41855,5,0,0,4,22,0,0,5,Yes,diverse,13,266.0,64.0,20.0,2016-10-27 05:29:12+00:00,2025-01-02 03:21:33+00:00,43.0,7.0,25.0,18.0,1.0,50.0,C++
LCSL/FALKON_paper,2,177,3,0,0,14,5,48,0,1,No,diverse,3,29.0,7.0,7.0,2017-05-30 17:14:49+00:00,2024-07-02 06:16:46+00:00,1.0,7.0,1.0,0.0,0.0,0.0,MATLAB
wujian16/Cornell-MOE,140,41855,5,0,0,4,22,0,0,5,Yes,diverse,13,266.0,64.0,20.0,2016-10-27 05:29:12+00:00,2025-01-02 03:21:33+00:00,43.0,7.0,25.0,18.0,1.0,50.0,C++
wujian16/Cornell-MOE,140,41855,5,0,0,4,22,0,0,5,Yes,diverse,13,266.0,64.0,20.0,2016-10-27 05:29:12+00:00,2025-01-02 03:21:33+00:00,43.0,7.0,25.0,18.0,1.0,50.0,C++
rdevon/IRVI,46,8349,6,0,0,0,0,0,0,0,No,not-diverse,3,6.0,1.0,8.0,2016-02-10 01:41:56+00:00,2018-01-20 15:54:45+00:00,0.0,7.0,0.0,0.0,0.0,0.0,Python
probprog/bopp,14,977,5,0,0,5,4,25,0,1,No,not-diverse,2,114.0,18.0,9.0,2016-12-01 19:41:57+00:00,2024-09-05 00:11:40+00:00,2.0,7.0,2.0,0.0,0.0,0.0,Clojure
mattjj/svae,33,2404,3,0,0,5,0,0,0,2,No,not-diverse,2,351.0,87.0,27.0,2016-03-21 21:00:28+00:00,2024-11-27 18:55:02+00:00,15.0,7.0,10.0,5.0,2.0,0.0,Python
mp2893/retain,3,1067,1,0,0,0,0,20,1,0,Yes,diverse,2,213.0,79.0,6.0,2016-08-24 18:50:09+00:00,2024-11-21 07:44:35+00:00,9.0,7.0,4.0,5.0,0.0,1.0,Python
mdeff/cnn_graph,4,1836,3,0,0,5,5,0,0,2,No,not-diverse,2,1344.0,390.0,44.0,2016-09-13 18:59:32+00:00,2025-01-12 15:30:39+00:00,54.0,7.0,18.0,36.0,2.0,2.0,Jupyter Notebook
sidaw/polymom,59,9704,8,0,0,0,1,0,0,3,No,not-diverse,3,4.0,4.0,3.0,2015-12-06 10:50:37+00:00,2022-04-18 17:33:02+00:00,0.0,7.0,0.0,0.0,0.0,0.0,Jupyter Notebook
feichtenhofer/twostreamfusion,33,4438,4,0,0,13,2,5,0,2,Yes,not-diverse,1,717.0,188.0,24.0,2016-04-22 08:47:54+00:00,2025-01-07 11:47:09+00:00,59.0,7.0,38.0,21.0,0.0,4.0,Cuda
feichtenhofer/twostreamfusion,33,4438,4,0,0,13,2,5,0,2,Yes,not-diverse,1,717.0,188.0,24.0,2016-04-22 08:47:54+00:00,2025-01-07 11:47:09+00:00,59.0,7.0,38.0,21.0,0.0,4.0,Cuda
wzmsltw/BSN-boundary-sensitive-network.pytorch,12,1851,4,0,1,9,11,6,0,5,No,not-diverse,2,249.0,59.0,7.0,2018-12-12 07:59:00+00:00,2024-12-03 07:10:53+00:00,32.0,8.0,9.0,23.0,0.0,1.0,Python
minyoungg/selfconsistency,19,2633,4,0,1,0,6,0,0,1,No,diverse,2,192.0,43.0,12.0,2018-05-10 05:32:40+00:00,2024-12-12 14:48:20+00:00,7.0,9.0,6.0,1.0,3.0,6.0,Jupyter Notebook
naiq/PN_GAN,24,3068,2,0,0,3,0,13,1,2,No,not-diverse,2,139.0,39.0,10.0,2018-01-18 12:29:03+00:00,2024-09-13 12:53:46+00:00,0.0,8.0,0.0,0.0,0.0,0.0,MATLAB
ogroth/shapestacks,28,7905,11,0,2,3,36,0,1,2,Yes,not-diverse,3,46.0,11.0,5.0,2018-04-19 15:08:45+00:00,2024-10-17 12:06:15+00:00,4.0,9.0,1.0,3.0,7.0,25.0,Python
NVIDIA/partialconv,7,1398,2,0,0,14,10,5,0,6,Yes,not-diverse,4,1240.0,213.0,34.0,2018-11-05 03:02:27+00:00,2025-01-12 12:46:22+00:00,38.0,8.0,26.0,12.0,2.0,4.0,Python
Microsoft/human-pose-estimation.pytorch,22,2899,3,0,0,11,14,0,0,10,Yes,diverse,11,2967.0,605.0,75.0,2018-08-01 07:35:15+00:00,2025-01-12 14:26:38+00:00,169.0,9.0,94.0,75.0,6.0,15.0,Python
shengcailiao/QAConv,35,3242,4,0,0,12,1,2,4,3,Yes,not-diverse,1,206.0,31.0,5.0,2019-07-08 05:54:26+00:00,2024-12-11 02:17:36+00:00,27.0,9.0,0.0,27.0,0.0,3.0,Python
shengcailiao/QAConv,35,3242,4,0,0,12,1,2,4,3,Yes,not-diverse,1,206.0,31.0,5.0,2019-07-08 05:54:26+00:00,2024-12-11 02:17:36+00:00,27.0,9.0,0.0,27.0,0.0,3.0,Python
holistic-video-understanding/HVU-Dataset,0,0,0,0,0,0,1,0,0,1,No,not-diverse,2,70.0,9.0,14.0,2019-11-14 15:04:37+00:00,2024-05-13 13:54:52+00:00,13.0,9.0,2.0,11.0,0.0,0.0,
HobbitLong/CMC,13,2834,2,0,0,18,7,42,1,2,Yes,diverse,2,1311.0,180.0,28.0,2019-06-13 10:32:11+00:00,2024-12-26 08:27:55+00:00,70.0,9.0,25.0,45.0,0.0,2.0,Python
alievk/npbg,30,5596,5,0,0,22,9,33,0,6,Yes,diverse,2,326.0,52.0,14.0,2020-04-05 15:23:47+00:00,2025-01-07 11:30:55+00:00,39.0,9.0,16.0,23.0,0.0,2.0,Python
bertjiazheng/Structured3D,10,1462,3,0,0,2,8,1,4,3,Yes,diverse,3,549.0,62.0,16.0,2019-05-09 10:48:43+00:00,2025-01-05 15:32:16+00:00,53.0,8.0,7.0,46.0,0.0,2.0,Python
ivMCL/AttentiveNorm_Detection,348,53403,8,0,0,38,3,5,1,14,Yes,diverse,70,22.0,3.0,2.0,2019-11-23 01:38:36+00:00,2024-01-04 16:39:52+00:00,0.0,9.0,0.0,0.0,0.0,0.0,Python
barisgecer/TBGAN,20,5157,1,0,0,21,6,34,0,2,No,not-diverse,2,245.0,38.0,21.0,2019-09-05 03:19:57+00:00,2024-12-04 20:40:46+00:00,12.0,9.0,1.0,11.0,0.0,0.0,Python
openseg-group/openseg.pytorch,209,37152,5,0,0,19,1,0,5,15,Yes,not-diverse,3,1194.0,140.0,40.0,2019-01-21 03:34:59+00:00,2025-01-06 12:03:26+00:00,100.0,9.0,27.0,73.0,1.0,1.0,Python
ChenRocks/UNITER,54,11126,6,0,1,10,28,9,1,8,Yes,not-diverse,2,787.0,109.0,18.0,2020-01-28 00:09:59+00:00,2024-12-23 10:20:54+00:00,95.0,9.0,46.0,49.0,0.0,1.0,Python
Zhongdao/Towards-Realtime-MOT,19,3537,6,0,0,21,5,9,0,12,Yes,diverse,6,2406.0,543.0,55.0,2019-09-27 05:09:33+00:00,2025-01-14 07:03:14+00:00,244.0,9.0,127.0,117.0,2.0,12.0,Python
tyler-hayes/REMIND,41,6136,3,0,0,46,8,51,1,2,Yes,diverse,2,82.0,23.0,11.0,2020-06-23 15:25:58+00:00,2024-11-27 06:20:41+00:00,5.0,9.0,1.0,4.0,1.0,0.0,Python
jiahaowork/idam,4,727,0,0,0,0,1,0,2,2,Yes,not-diverse,2,42.0,3.0,2.0,2020-02-12 02:59:54+00:00,2024-11-20 06:40:11+00:00,3.0,9.0,2.0,1.0,0.0,0.0,Python
jiangzhengkai/LSTS,79,33060,5,0,1,0,8,5,1,3,No,not-diverse,2,88.0,7.0,8.0,2020-07-03 05:20:43+00:00,2024-10-11 03:46:48+00:00,8.0,9.0,0.0,8.0,0.0,0.0,Python
yinboc/few-shot-meta-baseline,58,16175,6,0,0,6,4,33,0,3,Yes,not-diverse,2,625.0,107.0,8.0,2020-01-12 01:11:38+00:00,2025-01-11 16:45:53+00:00,51.0,9.0,13.0,38.0,0.0,0.0,Python
Vision-CAIR/LTVRR,172,24499,4,0,0,18,14,31,2,3,Yes,diverse,4,35.0,6.0,7.0,2020-04-01 19:43:02+00:00,2024-01-04 16:44:13+00:00,10.0,9.0,8.0,2.0,0.0,1.0,Python
clovaai/tunit,17,3926,6,0,0,66,13,0,6,1,Yes,diverse,3,457.0,48.0,13.0,2020-06-14 08:31:55+00:00,2024-12-16 23:23:24+00:00,34.0,10.0,1.0,33.0,1.0,0.0,Python
hendrycks/imagenet-r,23,4526,2,1,0,0,0,0,0,0,Yes,not-diverse,2,258.0,18.0,8.0,2020-02-28 21:05:47+00:00,2024-12-13 10:08:29+00:00,9.0,9.0,2.0,7.0,0.0,0.0,Python
loyoyang/decota,8,1087,5,0,0,0,9,0,0,1,No,diverse,2,16.0,6.0,2.0,2020-06-12 01:05:44+00:00,2024-11-13 15:19:45+00:00,2.0,10.0,1.0,1.0,3.0,3.0,Python
Arthur151/ROMP,441,121588,8,0,0,21,1,0,0,17,No,diverse,8,1371.0,230.0,40.0,2020-08-21 12:18:59+00:00,2025-01-10 14:31:39+00:00,484.0,10.0,184.0,300.0,7.0,17.0,Python
Alibaba-MIIL/ASL,14,1326,3,0,0,9,7,0,3,10,Yes,not-diverse,4,739.0,102.0,11.0,2020-09-29 12:40:13+00:00,2025-01-12 02:16:42+00:00,90.0,12.0,19.0,71.0,1.0,10.0,Python
hansen7/OcCo,83,10772,5,0,0,0,8,9,1,12,Yes,not-diverse,2,240.0,26.0,8.0,2020-08-02 15:50:11+00:00,2025-01-06 09:11:54+00:00,27.0,9.0,11.0,16.0,1.0,11.0,Python
panji530/Robust-shape-interaction-matrix,0,0,0,0,0,0,0,0,0,1,Yes,not-diverse,2,2.0,3.0,0.0,2017-08-17 02:31:25+00:00,2024-05-24 14:20:22+00:00,0.0,7.0,0.0,0.0,0.0,0.0,MATLAB
torrvision/crfasrnn,1,206,2,0,0,0,16,3,2,11,Yes,diverse,4,1345.0,460.0,82.0,2015-09-30 19:47:15+00:00,2025-01-12 14:35:20+00:00,155.0,7.0,46.0,109.0,1.0,5.0,MATLAB
aosokin/cnn_head_detection,25,10163,4,0,0,0,31,1,0,3,Yes,not-diverse,2,206.0,80.0,20.0,2015-11-26 13:47:51+00:00,2024-06-23 19:42:23+00:00,11.0,7.0,3.0,8.0,0.0,0.0,Matlab
szq0214/DSOD,8,4515,0,0,0,8,7,16,0,9,Yes,not-diverse,2,707.0,207.0,45.0,2017-08-03 19:36:24+00:00,2025-01-11 18:17:03+00:00,43.0,7.0,11.0,32.0,0.0,1.0,Python
jiangtaoxie/MPN-COV,59,25743,7,0,0,8,6,13,1,5,Yes,not-diverse,2,75.0,27.0,7.0,2017-09-28 07:30:03+00:00,2024-12-16 02:31:14+00:00,3.0,8.0,0.0,3.0,0.0,1.0,Cuda
matterport/Mask_RCNN,11,6354,4,0,0,25,7,9,20,13,Yes,diverse,37,24835.0,11717.0,582.0,2017-10-19 20:28:34+00:00,2025-01-13 21:42:55+00:00,2757.0,9.0,1903.0,854.0,124.0,170.0,Python
ducksoup/autodial,236,82186,13,3,0,6,0,13,0,1,Yes,diverse,228,27.0,2.0,2.0,2017-07-19 12:28:23+00:00,2024-09-09 12:07:25+00:00,2.0,7.0,1.0,1.0,0.0,0.0,C++
facebookresearch/low-shot-shrink-hallucinate,15,1774,2,0,0,0,0,23,0,0,Yes,diverse,4,309.0,69.0,13.0,2017-05-25 23:10:20+00:00,2024-09-19 12:53:47+00:00,15.0,9.0,10.0,5.0,0.0,3.0,Python
gina9726/Intent-Anticipate,5,899,1,0,0,0,2,0,0,0,No,diverse,2,6.0,0.0,2.0,2018-03-28 09:46:44+00:00,2022-06-09 04:08:41+00:00,1.0,8.0,0.0,1.0,0.0,0.0,Python
mahyarnajibi/SSH,27,2271,4,0,0,0,49,0,1,2,Yes,diverse,2,838.0,279.0,49.0,2017-09-25 19:18:05+00:00,2025-01-10 13:34:37+00:00,62.0,8.0,37.0,25.0,0.0,0.0,Python
MIT-HAN-LAB/temporal-shift-module,27,5606,6,0,0,30,8,7,2,4,Yes,diverse,6,2084.0,417.0,42.0,2019-03-27 22:49:33+00:00,2025-01-13 14:52:56+00:00,220.0,8.0,94.0,126.0,6.0,8.0,Python
tarun005/USSS_ICCV19,6,1949,1,0,0,0,0,0,0,3,No,diverse,2,71.0,10.0,3.0,2019-08-17 05:50:46+00:00,2024-09-20 13:31:12+00:00,5.0,9.0,0.0,5.0,0.0,0.0,Python
OasisYang/SSG,53,6317,2,0,1,4,5,1,1,3,No,diverse,2,187.0,42.0,8.0,2019-08-03 23:54:00+00:00,2024-04-16 06:24:23+00:00,37.0,9.0,24.0,13.0,1.0,0.0,Python
speedinghzl/CCNet,23,3074,5,0,1,3,6,2,3,11,Yes,diverse,3,1438.0,276.0,29.0,2018-11-26 19:39:02+00:00,2025-01-09 13:18:28+00:00,116.0,9.0,65.0,51.0,0.0,6.0,Python
vineetjohn/linguistic-style-transfer,44,4003,2,0,0,33,16,27,0,4,Yes,diverse,2,139.0,32.0,5.0,2018-02-02 23:24:57+00:00,2024-10-17 21:00:32+00:00,72.0,5.0,3.0,69.0,0.0,1.0,Python
malllabiisc/WordGCN,6,1643,3,0,0,26,5,20,0,9,Yes,diverse,5,291.0,64.0,14.0,2019-05-17 04:15:25+00:00,2024-12-10 13:08:48+00:00,29.0,9.0,2.0,27.0,2.0,14.0,Python
declare-lab/MELD,4,529,4,0,0,35,8,6,2,7,Yes,diverse,5,848.0,207.0,29.0,2018-09-29 13:00:10+00:00,2025-01-13 20:27:21+00:00,48.0,8.0,30.0,18.0,0.0,5.0,Python
microsoft/Multilingual-Model-Transfer,13,2996,3,0,0,4,6,0,0,3,Yes,diverse,6,77.0,22.0,8.0,2018-10-29 23:22:22+00:00,2024-11-14 01:34:28+00:00,11.0,8.0,0.0,11.0,0.0,4.0,Python
lil-lab/nlvr,8,1432,2,0,0,0,0,0,0,2,No,diverse,4,259.0,58.0,8.0,2017-05-08 13:53:26+00:00,2025-01-09 02:53:34+00:00,9.0,7.0,0.0,9.0,0.0,1.0,HTML
facebookresearch/LASER,33,6526,8,0,3,37,1,15,0,5,Yes,diverse,20,3608.0,462.0,89.0,2018-06-20 15:18:09+00:00,2025-01-13 16:09:09+00:00,211.0,11.0,34.0,177.0,15.0,51.0,Jupyter Notebook
thunlp/DIAG-NRE,19,5282,4,0,0,17,4,9,0,0,Yes,diverse,2,58.0,14.0,7.0,2019-06-02 12:44:00+00:00,2024-12-18 12:46:07+00:00,1.0,9.0,0.0,1.0,0.0,0.0,Python
nikitakit/self-attentive-parser,35,8307,4,0,0,13,14,112,0,6,Yes,diverse,2,878.0,155.0,20.0,2018-04-27 07:49:32+00:00,2025-01-04 10:16:28+00:00,98.0,8.0,45.0,53.0,2.0,9.0,Python
kimiyoung/transformer-xl,19,8443,2,0,1,5,0,6,0,1,Yes,diverse,8,3628.0,761.0,84.0,2019-01-08 12:20:24+00:00,2025-01-14 03:56:02+00:00,133.0,8.0,92.0,41.0,5.0,13.0,Python
butnaruandrei/MOROCO,3,373,1,0,0,29,5,4,0,1,Yes,diverse,2,6.0,1.0,6.0,2018-12-20 08:39:57+00:00,2022-03-23 14:00:06+00:00,0.0,8.0,0.0,0.0,0.0,1.0,Python
namisan/mt-dnn,73,17069,10,1,2,5,33,7,2,10,Yes,diverse,17,2244.0,412.0,59.0,2019-02-19 22:58:26+00:00,2025-01-10 08:42:30+00:00,187.0,11.0,22.0,165.0,1.0,69.0,Python
codogogo/xling-eval,9,651,2,0,0,4,1,0,0,0,No,diverse,2,28.0,6.0,0.0,2019-06-03 10:05:56+00:00,2024-07-31 02:02:51+00:00,2.0,9.0,1.0,1.0,0.0,0.0,Python
afshinrahimi/mmner,5,2425,2,5,0,0,14,0,0,1,Yes,diverse,2,85.0,9.0,6.0,2019-02-02 04:25:15+00:00,2024-08-08 23:19:00+00:00,5.0,8.0,2.0,3.0,0.0,1.0,Python
jiesutd/NCRFpp,17,3460,4,0,0,40,1,20,4,2,No,diverse,7,1891.0,446.0,60.0,2017-12-06 09:04:43+00:00,2025-01-14 06:07:51+00:00,172.0,11.0,11.0,161.0,1.0,11.0,Python
thunlp/Character-enhanced-Sememe-Prediction,11,962,0,0,5,6,6,9,0,2,Yes,diverse,3,26.0,3.0,7.0,2018-05-06 15:30:57+00:00,2024-11-05 18:01:51+00:00,1.0,8.0,1.0,0.0,0.0,0.0,Python
lancopku/Global-Encoding,358,6026,4,0,0,4,5,0,0,0,Yes,diverse,2,275.0,65.0,12.0,2018-05-10 12:40:17+00:00,2024-10-27 11:35:57+00:00,36.0,8.0,15.0,21.0,0.0,0.0,Python
clic-lab/scone,26,4620,2,0,0,8,1,10,0,1,No,diverse,2,7.0,3.0,3.0,2018-05-12 00:37:26+00:00,2022-06-22 21:44:49+00:00,0.0,9.0,0.0,0.0,1.0,5.0,Python
facebookresearch/hypernymysuite,9,1352,2,0,2,0,0,25,0,0,Yes,diverse,5,153.0,22.0,61.0,2018-05-09 16:58:27+00:00,2024-04-03 05:50:12+00:00,10.0,10.0,1.0,9.0,0.0,7.0,Python
sandropezzelle/fill-in-the-quant,16,3356,4,0,0,0,0,0,1,0,No,diverse,3,2.0,1.0,2.0,2018-01-26 10:32:22+00:00,2018-09-17 12:00:10+00:00,1.0,8.0,1.0,0.0,0.0,5.0,Python
Justin1904/Low-rank-Multimodal-Fusion,5,1122,1,0,0,0,2,17,0,0,No,diverse,2,258.0,47.0,8.0,2018-05-12 06:11:04+00:00,2025-01-09 14:04:57+00:00,26.0,8.0,11.0,15.0,0.0,1.0,Python
jiesutd/LatticeLSTM,15,2496,4,0,2,0,0,5,0,2,No,diverse,2,1801.0,453.0,42.0,2018-04-22 14:23:20+00:00,2025-01-06 06:53:35+00:00,135.0,8.0,10.0,125.0,2.0,4.0,Python
duorc/duorc,7,1236,2,0,0,0,2,2,0,0,Yes,diverse,2,15.0,3.0,2.0,2018-04-24 08:13:53+00:00,2024-11-12 11:38:17+00:00,2.0,9.0,0.0,2.0,1.0,1.0,Python
snakeztc/NeuralDialog-CVAE,10,1627,4,0,0,6,0,0,0,1,Yes,diverse,2,309.0,85.0,13.0,2017-07-23 02:05:31+00:00,2024-12-01 11:26:13+00:00,17.0,7.0,7.0,10.0,0.0,2.0,OpenEdge ABL
gchrupala/visually-grounded-speech,23,2369,4,0,0,5,1,5,0,1,Yes,diverse,3,23.0,2.0,7.0,2017-04-06 11:36:41+00:00,2024-01-04 16:12:58+00:00,0.0,7.0,0.0,0.0,0.0,0.0,Python
wanghm92/Sing_Par,34,5196,6,0,0,23,10,65,0,2,Yes,diverse,2,19.0,6.0,2.0,2016-12-26 03:43:00+00:00,2024-01-04 16:10:03+00:00,1.0,7.0,0.0,1.0,1.0,2.0,Python
boknilev/nmt-repr-analysis,15,3799,5,0,0,25,2,31,0,1,Yes,diverse,3,36.0,5.0,8.0,2017-01-06 18:41:24+00:00,2024-01-04 16:10:20+00:00,1.0,7.0,0.0,1.0,0.0,9.0,Jupyter Notebook
percyliang/sempre,413,59286,9,0,0,33,0,18,0,1,No,diverse,15,832.0,299.0,70.0,2013-09-18 06:59:41+00:00,2024-12-02 16:46:21+00:00,173.0,7.0,76.0,97.0,12.0,49.0,Java
stanfordnlp/spinn,37,8236,5,0,0,6,0,28,0,9,No,diverse,7,205.0,86.0,22.0,2015-10-14 21:52:47+00:00,2024-08-25 00:23:01+00:00,5.0,7.0,1.0,4.0,0.0,4.0,Python
bplank/bilstm-aux,14,1822,3,0,0,9,14,22,0,2,Yes,diverse,6,123.0,46.0,16.0,2016-04-19 08:31:53+00:00,2024-11-22 06:12:29+00:00,9.0,8.0,0.0,9.0,2.0,12.0,Python
microth/PathLSTM,277,37300,3,0,0,6,0,11,0,0,No,diverse,3,71.0,14.0,10.0,2016-06-06 06:48:27+00:00,2024-07-19 03:11:51+00:00,18.0,8.0,0.0,18.0,2.0,6.0,Java
rsennrich/subword-nmt,17,1854,2,0,0,3,5,16,0,1,Yes,diverse,13,2213.0,464.0,55.0,2015-09-01 10:50:32+00:00,2025-01-13 04:28:09+00:00,87.0,7.0,3.0,84.0,0.0,33.0,Python
